objetivo,contexto
documentacian,laboratoriopsw
documentacian,dss
laboratoriopsw,documentacian
laboratoriopsw,dss
laboratoriopsw,path
dss,documentacian
dss,laboratoriopsw
dss,path
dss,traversal
path,laboratoriopsw
path,dss
path,traversal
path,recorrido
traversal,dss
traversal,path
traversal,recorrido
traversal,rutas
recorrido,path
recorrido,traversal
recorrido,rutas
recorrido,permite
rutas,traversal
rutas,recorrido
rutas,permite
rutas,acceder
permite,recorrido
permite,rutas
permite,acceder
permite,archivos
acceder,rutas
acceder,permite
acceder,archivos
acceder,directorio
archivos,permite
archivos,acceder
archivos,directorio
archivos,autorizado
directorio,acceder
directorio,archivos
directorio,autorizado
directorio,usando
autorizado,archivos
autorizado,directorio
autorizado,usando
autorizado,rutas
usando,directorio
usando,autorizado
usando,rutas
usando,manipuladas
rutas,autorizado
rutas,usando
rutas,manipuladas
rutas,etc
manipuladas,usando
manipuladas,rutas
manipuladas,etc
manipuladas,passwd
etc,rutas
etc,manipuladas
etc,passwd
etc,acceder
passwd,manipuladas
passwd,etc
passwd,acceder
passwd,archivos
acceder,etc
acceder,passwd
acceder,archivos
acceder,criticos
archivos,passwd
archivos,acceder
archivos,criticos
archivos,sistema
criticos,acceder
criticos,archivos
criticos,sistema
criticos,access
sistema,archivos
sistema,criticos
sistema,access
sistema,control
access,criticos
access,sistema
access,control
access,control
control,sistema
control,access
control,control
control,acceso
control,access
control,control
control,acceso
control,restricciones
acceso,control
acceso,control
acceso,restricciones
acceso,determinan
restricciones,control
restricciones,acceso
restricciones,determinan
restricciones,acceder
determinan,acceso
determinan,restricciones
determinan,acceder
determinan,recursos
acceder,restricciones
acceder,determinan
acceder,recursos
acceder,sistema
recursos,determinan
recursos,acceder
recursos,sistema
recursos,permitir
sistema,acceder
sistema,recursos
sistema,permitir
sistema,usuarios
permitir,recursos
permitir,sistema
permitir,usuarios
permitir,permisos
usuarios,sistema
usuarios,permitir
usuarios,permisos
usuarios,modificar
permisos,permitir
permisos,usuarios
permisos,modificar
permisos,eliminar
modificar,usuarios
modificar,permisos
modificar,eliminar
modificar,informacion
eliminar,permisos
eliminar,modificar
eliminar,informacion
eliminar,vertical
informacion,modificar
informacion,eliminar
informacion,vertical
informacion,privilege
vertical,eliminar
vertical,informacion
vertical,privilege
vertical,escalation
privilege,informacion
privilege,vertical
privilege,escalation
privilege,escalada
escalation,vertical
escalation,privilege
escalation,escalada
escalation,privilegios
escalada,privilege
escalada,escalation
escalada,privilegios
escalada,vertical
privilegios,escalation
privilegios,escalada
privilegios,vertical
privilegios,usuario
vertical,escalada
vertical,privilegios
vertical,usuario
vertical,privilegios
usuario,privilegios
usuario,vertical
usuario,privilegios
usuario,bajos
privilegios,vertical
privilegios,usuario
privilegios,bajos
privilegios,obtiene
bajos,usuario
bajos,privilegios
bajos,obtiene
bajos,acceso
obtiene,privilegios
obtiene,bajos
obtiene,acceso
obtiene,funciones
acceso,bajos
acceso,obtiene
acceso,funciones
acceso,datos
funciones,obtiene
funciones,acceso
funciones,datos
funciones,usuarios
datos,acceso
datos,funciones
datos,usuarios
datos,privilegios
usuarios,funciones
usuarios,datos
usuarios,privilegios
usuarios,altos
privilegios,datos
privilegios,usuarios
privilegios,altos
privilegios,usuario
altos,usuarios
altos,privilegios
altos,usuario
altos,regular
usuario,privilegios
usuario,altos
usuario,regular
usuario,obteniendo
regular,altos
regular,usuario
regular,obteniendo
regular,permisos
obteniendo,usuario
obteniendo,regular
obteniendo,permisos
obteniendo,administrador
permisos,regular
permisos,obteniendo
permisos,administrador
permisos,authentication
administrador,obteniendo
administrador,permisos
administrador,authentication
administrador,vulnerabilities
authentication,permisos
authentication,administrador
authentication,vulnerabilities
authentication,vulnerabilidades
vulnerabilities,administrador
vulnerabilities,authentication
vulnerabilities,vulnerabilidades
vulnerabilities,autenticacion
vulnerabilidades,authentication
vulnerabilidades,vulnerabilities
vulnerabilidades,autenticacion
vulnerabilidades,fallos
autenticacion,vulnerabilities
autenticacion,vulnerabilidades
autenticacion,fallos
autenticacion,mecanismos
fallos,vulnerabilidades
fallos,autenticacion
fallos,mecanismos
fallos,autenticacion
mecanismos,autenticacion
mecanismos,fallos
mecanismos,autenticacion
mecanismos,permiten
autenticacion,fallos
autenticacion,mecanismos
autenticacion,permiten
autenticacion,atacantes
permiten,mecanismos
permiten,autenticacion
permiten,atacantes
permiten,acceder
atacantes,autenticacion
atacantes,permiten
atacantes,acceder
atacantes,credenciales
acceder,permiten
acceder,atacantes
acceder,credenciales
acceder,validas
credenciales,atacantes
credenciales,acceder
credenciales,validas
credenciales,ataques
validas,acceder
validas,credenciales
validas,ataques
validas,fuerza
ataques,credenciales
ataques,validas
ataques,fuerza
ataques,bruta
fuerza,validas
fuerza,ataques
fuerza,bruta
fuerza,autenticacion
bruta,ataques
bruta,fuerza
bruta,autenticacion
bruta,rota
autenticacion,fuerza
autenticacion,bruta
autenticacion,rota
autenticacion,cookies
rota,bruta
rota,autenticacion
rota,cookies
rota,manipuladas
cookies,autenticacion
cookies,rota
cookies,manipuladas
cookies,ssrf
manipuladas,rota
manipuladas,cookies
manipuladas,ssrf
manipuladas,server
ssrf,cookies
ssrf,manipuladas
ssrf,server
ssrf,side
server,manipuladas
server,ssrf
server,side
server,request
side,ssrf
side,server
side,request
side,forgery
request,server
request,side
request,forgery
request,falsificacion
forgery,side
forgery,request
forgery,falsificacion
forgery,solicitudes
falsificacion,request
falsificacion,forgery
falsificacion,solicitudes
falsificacion,servidor
solicitudes,forgery
solicitudes,falsificacion
solicitudes,servidor
solicitudes,atacante
servidor,falsificacion
servidor,solicitudes
servidor,atacante
servidor,engana
atacante,solicitudes
atacante,servidor
atacante,engana
atacante,servidor
engana,servidor
engana,atacante
engana,servidor
engana,haga
servidor,atacante
servidor,engana
servidor,haga
servidor,solicitudes
haga,engana
haga,servidor
haga,solicitudes
haga,http
solicitudes,servidor
solicitudes,haga
solicitudes,http
solicitudes,recursos
http,haga
http,solicitudes
http,recursos
http,internos
recursos,solicitudes
recursos,http
recursos,internos
recursos,externos
internos,http
internos,recursos
internos,externos
internos,autorizados
externos,recursos
externos,internos
externos,autorizados
externos,usarse
autorizados,internos
autorizados,externos
autorizados,usarse
autorizados,escanear
usarse,externos
usarse,autorizados
usarse,escanear
usarse,redes
escanear,autorizados
escanear,usarse
escanear,redes
escanear,internas
redes,usarse
redes,escanear
redes,internas
redes,acceder
internas,escanear
internas,redes
internas,acceder
internas,servicios
acceder,redes
acceder,internas
acceder,servicios
acceder,protegidos
servicios,internas
servicios,acceder
servicios,protegidos
protegidos,acceder
protegidos,servicios
